<?xml version="1.0" encoding="UTF-8"?>
<!DOCTYPE struts PUBLIC
"-//Apache Software Foundation//DTD Struts Configuration 2.3//EN"
"http://struts.apache.org/dtds/struts-2.3.dtd">

<struts>
	
	<constant name="struts.multipart.maxSize" value="5242880" />
	
	<package name="crm" extends="struts-default" namespace="/">
		<!-- 配置用户模块 -->
		<action name="user_*" class="userAction" method="{1}">
			<result name="login">/jsp/login.jsp</result>
			<result name="success" type="redirect">/jsp/index.jsp</result>
			<result name="toEdit">/jsp/user/editPassword.jsp</result>
			<!-- 修改密码成功，跳转到主页面 -->
			<result name="editPswSuccess">/jsp/welcome.jsp</result>
			<!-- 修改密码失败，跳转到修改密码页面 -->
			<result name="editPswFail">/jsp/user/editPassword.jsp</result>
		</action>
		
		<!-- 配置客户模块 -->
		<action name="customer_*" class="customerAction" method="{1}">
			<result name="saveUI">/jsp/customer/add.jsp</result>
			<result name="saveSuccess" type="redirect">/jsp/welcome.jsp</result>
			<result name="findAll">/jsp/customer/list.jsp</result>
			<result name="input">/jsp/customer/add.jsp</result>
			<result name="deleteSuccess" type="redirect">/jsp/welcome.jsp</result>
			<result name="editSuccess">/jsp/customer/edit.jsp</result>
			<result name="updateSuccess" type="redirect">/jsp/welcome.jsp</result>
			
			<interceptor-ref name="defaultStack">
				<param name="fileUpload.maximumSize">2097152</param>
				<param name="fileUpload.allowedExtensions">.jpg,.png</param>
			</interceptor-ref>
		</action>
		
		<!-- 配置字典 -->
		<action name="baseDict_*" class="baseDictAction" method="{1}">
			
		</action>
		
		<!-- 配置联系人模块 -->
		<action name="linkMan_*" class="linkManAction" method="{1}">
			<result name="saveUI">/jsp/linkman/add.jsp</result>
			<result name="saveSuccess" type="redirect">/jsp/welcome.jsp</result>
			<result name="findAll">/jsp/linkman/list.jsp</result>
			<result name="editSuccess">/jsp/linkman/edit.jsp</result>
			<result name="updateSuccess" type="redirect">/jsp/welcome.jsp</result>
			<result name="deleteSuccess" type="redirect">/jsp/welcome.jsp</result>
		</action>
		
	</package>
</struts>
