<?xml version="1.0"?>
<!DOCTYPE hibernate-mapping PUBLIC "-//Hibernate/Hibernate Mapping DTD 3.0//EN"
"http://hibernate.sourceforge.net/hibernate-mapping-3.0.dtd">
<!-- Generated 2021-8-19 21:16:18 by Hibernate Tools 3.5.0.Final -->
<hibernate-mapping>
    <class name="com.qidi.crm.bean.LinkMan" table="cst_LINKMAN">
        <id name="lkm_id" type="java.lang.Long">
            <column name="LKM_ID" />
            <generator class="sequence">
            	<param name="sequence_name">cst_linkman_seq</param>
            </generator>
        </id>
        <property name="lkm_name" type="java.lang.String">
            <column name="LKM_NAME" />
        </property>
        <property name="lkm_gender" type="java.lang.String">
            <column name="LKM_GENDER" />
        </property>
        <property name="lkm_phone" type="java.lang.String">
            <column name="LKM_PHONE" />
        </property>
        <property name="lkm_mobile" type="java.lang.String">
            <column name="LKM_MOBILE" />
        </property>
        <property name="lkm_email" type="java.lang.String">
            <column name="LKM_EMAIL" />
        </property>
        <property name="lkm_qq" type="java.lang.String">
            <column name="LKM_QQ" />
        </property>
        <property name="lkm_position" type="java.lang.String">
            <column name="LKM_POSITION" />
        </property>
        <property name="lkm_memo" type="java.lang.String">
            <column name="LKM_MEMO" />
        </property>
        <many-to-one name="customer" class="com.qidi.crm.bean.Customer" fetch="join">
            <column name="lkm_cust_id" />
        </many-to-one>
    </class>
</hibernate-mapping>
